,name,repo,source
pypa,pipenv,https://github.com/pypa/pipenv,github
littlecodersh,itchat,https://github.com/littlecodersh/itchat,github
charlax,professional-programming,https://github.com/charlax/professional-programming,github
matterport,mask_rcnn,https://github.com/matterport/mask_rcnn,github
beurtschipper,depix,https://github.com/beurtschipper/depix,github
owasp,cheatsheetseries,https://github.com/owasp/cheatsheetseries,github
getredash,redash,https://github.com/getredash/redash,github
facebookresearch,detectron2,https://github.com/facebookresearch/detectron2,github
keon,algorithms,https://github.com/keon/algorithms,github
nicolargo,glances,https://github.com/nicolargo/glances,github
deezer,spleeter,https://github.com/deezer/spleeter,github
microsoft,cascadia-code,https://github.com/microsoft/cascadia-code,github
stevenblack,hosts,https://github.com/stevenblack/hosts,github
wangzheng0822,algo,https://github.com/wangzheng0822/algo,github
sebastianruder,nlp-progress,https://github.com/sebastianruder/nlp-progress,github
github,copilot-docs,https://github.com/github/copilot-docs,github
chubin,wttr.in,https://github.com/chubin/wttr.in,github
rwightman,pytorch-image-models,https://github.com/rwightman/pytorch-image-models,github
tornadoweb,tornado,https://github.com/tornadoweb/tornado,github
locustio,locust,https://github.com/locustio/locust,github
open-mmlab,mmdetection,https://github.com/open-mmlab/mmdetection,github
numpy,numpy,https://github.com/numpy/numpy,github
python-poetry,poetry,https://github.com/python-poetry/poetry,github
vnpy,vnpy,https://github.com/vnpy/vnpy,github
celery,celery,https://github.com/celery/celery,github
eriklindernoren,ml-from-scratch,https://github.com/eriklindernoren/ml-from-scratch,github
drduh,macos-security-and-privacy-guide,https://github.com/drduh/macos-security-and-privacy-guide,github
streamlit,streamlit,https://github.com/streamlit/streamlit,github
pytorch,examples,https://github.com/pytorch/examples,github
junyanz,pytorch-cyclegan-and-pix2pix,https://github.com/junyanz/pytorch-cyclegan-and-pix2pix,github
python-telegram-bot,python-telegram-bot,https://github.com/python-telegram-bot/python-telegram-bot,github
heartexlabs,labelimg,https://github.com/heartexlabs/labelimg,github
asabeneh,30-days-of-python,https://github.com/asabeneh/30-days-of-python,github
lightning-ai,lightning,https://github.com/lightning-ai/lightning,github
facebookresearch,fairseq,https://github.com/facebookresearch/fairseq,github
google,jax,https://github.com/google/jax,github
jumpserver,jumpserver,https://github.com/jumpserver/jumpserver,github
cookiecutter,cookiecutter,https://github.com/cookiecutter/cookiecutter,github
pytorchlightning,pytorch-lightning,https://github.com/pytorchlightning/pytorch-lightning,github
luong-komorebi,awesome-linux-software,https://github.com/luong-komorebi/awesome-linux-software,github
xinntao,real-esrgan,https://github.com/xinntao/real-esrgan,github
freqtrade,freqtrade,https://github.com/freqtrade/freqtrade,github
magenta,magenta,https://github.com/magenta/magenta,github
tzutalin,labelimg,https://github.com/tzutalin/labelimg,github
plotly,dash,https://github.com/plotly/dash,github
bitcoinbook,bitcoinbook,https://github.com/bitcoinbook/bitcoinbook,github
jhao104,proxy_pool,https://github.com/jhao104/proxy_pool,github
chriskiehl,gooey,https://github.com/chriskiehl/gooey,github
pytorch,fairseq,https://github.com/pytorch/fairseq,github
jaidedai,easyocr,https://github.com/jaidedai/easyocr,github
sanic-org,sanic,https://github.com/sanic-org/sanic,github
toml-lang,toml,https://github.com/toml-lang/toml,github
vonng,ddia,https://github.com/vonng/ddia,github
nginx-proxy,nginx-proxy,https://github.com/nginx-proxy/nginx-proxy,github
openai,gpt-2,https://github.com/openai/gpt-2,github
bokeh,bokeh,https://github.com/bokeh/bokeh,github
saleor,saleor,https://github.com/saleor/saleor,github
kovidgoyal,kitty,https://github.com/kovidgoyal/kitty,github
ray-project,ray,https://github.com/ray-project/ray,github
spotify,luigi,https://github.com/spotify/luigi,github
jantic,deoldify,https://github.com/jantic/deoldify,github
atsushisakai,pythonrobotics,https://github.com/atsushisakai/pythonrobotics,github
zulip,zulip,https://github.com/zulip/zulip,github
ungoogled-software,ungoogled-chromium,https://github.com/ungoogled-software/ungoogled-chromium,github
quantopian,zipline,https://github.com/quantopian/zipline,github
mkdocs,mkdocs,https://github.com/mkdocs/mkdocs,github
binux,pyspider,https://github.com/binux/pyspider,github
anthonycalandra,modern-cpp-features,https://github.com/anthonycalandra/modern-cpp-features,github
cool-rr,pysnooper,https://github.com/cool-rr/pysnooper,github
matplotlib,matplotlib,https://github.com/matplotlib/matplotlib,github
reddit-archive,reddit,https://github.com/reddit-archive/reddit,github
jack-cherish,python-spider,https://github.com/jack-cherish/python-spider,github
kholia,osx-kvm,https://github.com/kholia/osx-kvm,github
ipython,ipython,https://github.com/ipython/ipython,github
facebook,prophet,https://github.com/facebook/prophet,github
magic-wormhole,magic-wormhole,https://github.com/magic-wormhole/magic-wormhole,github
instillai,tensorflow-course,https://github.com/instillai/tensorflow-course,github
alievk,avatarify-python,https://github.com/alievk/avatarify-python,github
archivebox,archivebox,https://github.com/archivebox/archivebox,github
rsms,inter,https://github.com/rsms/inter,github
pyg-team,pytorch_geometric,https://github.com/pyg-team/pytorch_geometric,github
kivy,kivy,https://github.com/kivy/kivy,github
wzmiaomiao,deep-learning-for-image-processing,https://github.com/wzmiaomiao/deep-learning-for-image-processing,github
d2l-ai,d2l-en,https://github.com/d2l-ai/d2l-en,github
jina-ai,jina,https://github.com/jina-ai/jina,github
instapy,instapy,https://github.com/instapy/instapy,github
microsoft,recommenders,https://github.com/microsoft/recommenders,github
joke2k,faker,https://github.com/joke2k/faker,github
twintproject,twint,https://github.com/twintproject/twint,github
rasahq,rasa,https://github.com/rasahq/rasa,github
microsoft,wsl,https://github.com/microsoft/wsl,github
eloston,ungoogled-chromium,https://github.com/eloston/ungoogled-chromium,github
wting,autojump,https://github.com/wting/autojump,github
kr1s77,awesome-python-login-model,https://github.com/kr1s77/awesome-python-login-model,github
trekhleb,learn-python,https://github.com/trekhleb/learn-python,github
mnielsen,neural-networks-and-deep-learning,https://github.com/mnielsen/neural-networks-and-deep-learning,github
delgan,loguru,https://github.com/delgan/loguru,github
jupyter,jupyter,https://github.com/jupyter/jupyter,github
miloyip,game-programmer,https://github.com/miloyip/game-programmer,github
mirumee,saleor,https://github.com/mirumee/saleor,github
huggingface,datasets,https://github.com/huggingface/datasets,github
rare-technologies,gensim,https://github.com/rare-technologies/gensim,github
wangshub,wechat_jump_game,https://github.com/wangshub/wechat_jump_game,github
borisdayma,dalle-mini,https://github.com/borisdayma/dalle-mini,github
fabric,fabric,https://github.com/fabric/fabric,github
karpathy,mingpt,https://github.com/karpathy/mingpt,github
powerline,powerline,https://github.com/powerline/powerline,github
openai,baselines,https://github.com/openai/baselines,github
deepinsight,insightface,https://github.com/deepinsight/insightface,github
pallets,click,https://github.com/pallets/click,github
mxrch,ghunt,https://github.com/mxrch/ghunt,github
python,mypy,https://github.com/python/mypy,github
apprenticeharper,dedrm_tools,https://github.com/apprenticeharper/dedrm_tools,github
pyecharts,pyecharts,https://github.com/pyecharts/pyecharts,github
gunthercox,chatterbot,https://github.com/gunthercox/chatterbot,github
horovod,horovod,https://github.com/horovod/horovod,github
google,yapf,https://github.com/google/yapf,github
runacapital,awesome-oss-alternatives,https://github.com/runacapital/awesome-oss-alternatives,github
psf,requests-html,https://github.com/psf/requests-html,github
lucidrains,vit-pytorch,https://github.com/lucidrains/vit-pytorch,github
lra,mackup,https://github.com/lra/mackup,github
plotly,plotly.py,https://github.com/plotly/plotly.py,github
tensorflow,tensor2tensor,https://github.com/tensorflow/tensor2tensor,github
hindupuravinash,the-gan-zoo,https://github.com/hindupuravinash/the-gan-zoo,github
eriklindernoren,pytorch-gan,https://github.com/eriklindernoren/pytorch-gan,github
aws,aws-cli,https://github.com/aws/aws-cli,github
nvlabs,stylegan,https://github.com/nvlabs/stylegan,github
ranger,ranger,https://github.com/ranger/ranger,github
googlecloudplatform,microservices-demo,https://github.com/googlecloudplatform/microservices-demo,github
aio-libs,aiohttp,https://github.com/aio-libs/aiohttp,github
saltstack,salt,https://github.com/saltstack/salt,github
kovidgoyal,calibre,https://github.com/kovidgoyal/calibre,github
codelucas,newspaper,https://github.com/codelucas/newspaper,github
sivel,speedtest-cli,https://github.com/sivel/speedtest-cli,github
openbb-finance,openbbterminal,https://github.com/openbb-finance/openbbterminal,github
searx,searx,https://github.com/searx/searx,github
youfou,wxpy,https://github.com/youfou/wxpy,github
stability-ai,stablediffusion,https://github.com/stability-ai/stablediffusion,github
davidsandberg,facenet,https://github.com/davidsandberg/facenet,github
mlflow,mlflow,https://github.com/mlflow/mlflow,github
tgbot-collection,yyetsbot,https://github.com/tgbot-collection/yyetsbot,github
leisurelicht,wtfpython-cn,https://github.com/leisurelicht/wtfpython-cn,github
wagtail,wagtail,https://github.com/wagtail/wagtail,github
textualize,textual,https://github.com/textualize/textual,github
kurtbestor,hitomi-downloader,https://github.com/kurtbestor/hitomi-downloader,github
pytorch,vision,https://github.com/pytorch/vision,github
flairnlp,flair,https://github.com/flairnlp/flair,github
microsoft,nni,https://github.com/microsoft/nni,github
waditu,tushare,https://github.com/waditu/tushare,github
aleju,imgaug,https://github.com/aleju/imgaug,github
miserlou,zappa,https://github.com/miserlou/zappa,github
pjialin,py12306,https://github.com/pjialin/py12306,github
rusty1s,pytorch_geometric,https://github.com/rusty1s/pytorch_geometric,github
mail-in-a-box,mailinabox,https://github.com/mail-in-a-box/mailinabox,github
idank,explainshell,https://github.com/idank/explainshell,github
openethan,smsboom,https://github.com/openethan/smsboom,github
warner,magic-wormhole,https://github.com/warner/magic-wormhole,github
ddbourgin,numpy-ml,https://github.com/ddbourgin/numpy-ml,github
tonybeltramelli,pix2code,https://github.com/tonybeltramelli/pix2code,github
wifiphisher,wifiphisher,https://github.com/wifiphisher/wifiphisher,github
nltk,nltk,https://github.com/nltk/nltk,github
microsoft,bringing-old-photos-back-to-life,https://github.com/microsoft/bringing-old-photos-back-to-life,github
tiangolo,full-stack-fastapi-postgresql,https://github.com/tiangolo/full-stack-fastapi-postgresql,github
ciphey,ciphey,https://github.com/ciphey/ciphey,github
kitao,pyxel,https://github.com/kitao/pyxel,github
sfttech,openage,https://github.com/sfttech/openage,github
frappe,erpnext,https://github.com/frappe/erpnext,github
postmanlabs,httpbin,https://github.com/postmanlabs/httpbin,github
shangtongzhang,reinforcement-learning-an-introduction,https://github.com/shangtongzhang/reinforcement-learning-an-introduction,github
wilsonfreitas,awesome-quant,https://github.com/wilsonfreitas/awesome-quant,github
donnemartin,awesome-aws,https://github.com/donnemartin/awesome-aws,github
jina-ai,clip-as-service,https://github.com/jina-ai/clip-as-service,github
allenai,allennlp,https://github.com/allenai/allennlp,github
meolu,walle-web,https://github.com/meolu/walle-web,github
wistbean,learn_python3_spider,https://github.com/wistbean/learn_python3_spider,github
manimcommunity,manim,https://github.com/manimcommunity/manim,github
ansible,awx,https://github.com/ansible/awx,github
asciinema,asciinema,https://github.com/asciinema/asciinema,github
pydantic,pydantic,https://github.com/pydantic/pydantic,github
s0md3v,xsstrike,https://github.com/s0md3v/xsstrike,github
beetbox,beets,https://github.com/beetbox/beets,github
paddlepaddle,paddlehub,https://github.com/paddlepaddle/paddlehub,github
h2y,shadowrocket-adblock-rules,https://github.com/h2y/shadowrocket-adblock-rules,github
equinusocio,material-theme,https://github.com/equinusocio/material-theme,github
shengqiangzhang,examples-of-web-crawlers,https://github.com/shengqiangzhang/examples-of-web-crawlers,github
netbox-community,netbox,https://github.com/netbox-community/netbox,github
rapptz,discord.py,https://github.com/rapptz/discord.py,github
networkx,networkx,https://github.com/networkx/networkx,github
albumentations-team,albumentations,https://github.com/albumentations-team/albumentations,github
alexjc,neural-enhance,https://github.com/alexjc/neural-enhance,github
chia-network,chia-blockchain,https://github.com/chia-network/chia-blockchain,github
nvidia,fastphotostyle,https://github.com/nvidia/fastphotostyle,github
dbcli,pgcli,https://github.com/dbcli/pgcli,github
jindongwang,transferlearning,https://github.com/jindongwang/transferlearning,github
hoya012,deep_learning_object_detection,https://github.com/hoya012/deep_learning_object_detection,github
redis,redis-py,https://github.com/redis/redis-py,github
ml-tooling,best-of-ml-python,https://github.com/ml-tooling/best-of-ml-python,github
facebookresearch,detr,https://github.com/facebookresearch/detr,github
dbcli,mycli,https://github.com/dbcli/mycli,github
pysimplegui,pysimplegui,https://github.com/pysimplegui/pysimplegui,github
frida,frida,https://github.com/frida/frida,github
python-world,python-mini-projects,https://github.com/python-world/python-mini-projects,github
tiangolo,typer,https://github.com/tiangolo/typer,github
threat9,routersploit,https://github.com/threat9/routersploit,github
embedding,chinese-word-vectors,https://github.com/embedding/chinese-word-vectors,github
samuelcolvin,pydantic,https://github.com/samuelcolvin/pydantic,github
getpelican,pelican,https://github.com/getpelican/pelican,github
mementum,backtrader,https://github.com/mementum/backtrader,github
microsoft,qlib,https://github.com/microsoft/qlib,github
dask,dask,https://github.com/dask/dask,github
heartexlabs,label-studio,https://github.com/heartexlabs/label-studio,github
microsoft,swin-transformer,https://github.com/microsoft/swin-transformer,github
iperov,deepfacelive,https://github.com/iperov/deepfacelive,github
zulko,moviepy,https://github.com/zulko/moviepy,github
lengstrom,fast-style-transfer,https://github.com/lengstrom/fast-style-transfer,github
nvidia,deeplearningexamples,https://github.com/nvidia/deeplearningexamples,github
python-pillow,pillow,https://github.com/python-pillow/pillow,github
dbader,schedule,https://github.com/dbader/schedule,github
ydataai,pandas-profiling,https://github.com/ydataai/pandas-profiling,github
bloomberg,memray,https://github.com/bloomberg/memray,github
secureauthcorp,impacket,https://github.com/secureauthcorp/impacket,github
wkentaro,labelme,https://github.com/wkentaro/labelme,github
dmlc,dgl,https://github.com/dmlc/dgl,github
owasp,owasp-mastg,https://github.com/owasp/owasp-mastg,github
rougier,numpy-100,https://github.com/rougier/numpy-100,github
sovereign,sovereign,https://github.com/sovereign/sovereign,github
encode,httpx,https://github.com/encode/httpx,github
alievk,avatarify,https://github.com/alievk/avatarify,github
gallopsled,pwntools,https://github.com/gallopsled/pwntools,github
iterative,dvc,https://github.com/iterative/dvc,github
deepmind,alphafold,https://github.com/deepmind/alphafold,github
gleitz,howdoi,https://github.com/gleitz/howdoi,github
zalandoresearch,fashion-mnist,https://github.com/zalandoresearch/fashion-mnist,github
the-art-of-hacking,h4cker,https://github.com/the-art-of-hacking/h4cker,github
mwaskom,seaborn,https://github.com/mwaskom/seaborn,github
chiphuyen,stanford-tensorflow-tutorials,https://github.com/chiphuyen/stanford-tensorflow-tutorials,github
harelba,q,https://github.com/harelba/q,github
pwxcoo,chinese-xinhua,https://github.com/pwxcoo/chinese-xinhua,github
mindsdb,mindsdb,https://github.com/mindsdb/mindsdb,github
bbfamily,abu,https://github.com/bbfamily/abu,github
sshuttle,sshuttle,https://github.com/sshuttle/sshuttle,github
cookiecutter,cookiecutter-django,https://github.com/cookiecutter/cookiecutter-django,github
spotdl,spotify-downloader,https://github.com/spotdl/spotify-downloader,github
coleifer,peewee,https://github.com/coleifer/peewee,github
pittcsc,summer2023-internships,https://github.com/pittcsc/summer2023-internships,github
andymccurdy,redis-py,https://github.com/andymccurdy/redis-py,github
theano,theano,https://github.com/theano/theano,github
matrix-org,synapse,https://github.com/matrix-org/synapse,github
aws,chalice,https://github.com/aws/chalice,github
lyhue1991,eat_tensorflow2_in_30_days,https://github.com/lyhue1991/eat_tensorflow2_in_30_days,github
pyinstaller,pyinstaller,https://github.com/pyinstaller/pyinstaller,github
scipy,scipy,https://github.com/scipy/scipy,github
prefecthq,prefect,https://github.com/prefecthq/prefect,github
deepmind,sonnet,https://github.com/deepmind/sonnet,github
alexjc,neural-doodle,https://github.com/alexjc/neural-doodle,github
tflearn,tflearn,https://github.com/tflearn/tflearn,github
tiangolo,sqlmodel,https://github.com/tiangolo/sqlmodel,github
x-hw,amazing-qr,https://github.com/x-hw/amazing-qr,github
tweepy,tweepy,https://github.com/tweepy/tweepy,github
facebookresearch,parlai,https://github.com/facebookresearch/parlai,github
maurosoria,dirsearch,https://github.com/maurosoria/dirsearch,github
fossasia,visdom,https://github.com/fossasia/visdom,github
thumbor,thumbor,https://github.com/thumbor/thumbor,github
dod-o,statistical-learning-method_code,https://github.com/dod-o/statistical-learning-method_code,github
darknessomi,musicbox,https://github.com/darknessomi/musicbox,github
hanxiao,bert-as-service,https://github.com/hanxiao/bert-as-service,github
ukplab,sentence-transformers,https://github.com/ukplab/sentence-transformers,github
sympy,sympy,https://github.com/sympy/sympy,github
lucidrains,dalle2-pytorch,https://github.com/lucidrains/dalle2-pytorch,github
s0md3v,photon,https://github.com/s0md3v/photon,github
jopohl,urh,https://github.com/jopohl/urh,github
pytest-dev,pytest,https://github.com/pytest-dev/pytest,github
owasp,owasp-mstg,https://github.com/owasp/owasp-mstg,github
ultralytics,yolov3,https://github.com/ultralytics/yolov3,github
amueller,word_cloud,https://github.com/amueller/word_cloud,github
cyrus-and,gdb-dashboard,https://github.com/cyrus-and/gdb-dashboard,github
pallets,jinja,https://github.com/pallets/jinja,github
giampaolo,psutil,https://github.com/giampaolo/psutil,github
nbedos,termtosvg,https://github.com/nbedos/termtosvg,github
openai,dall-e,https://github.com/openai/dall-e,github
facebookresearch,maskrcnn-benchmark,https://github.com/facebookresearch/maskrcnn-benchmark,github
ranaroussi,yfinance,https://github.com/ranaroussi/yfinance,github
falconry,falcon,https://github.com/falconry/falcon,github
edgedb,edgedb,https://github.com/edgedb/edgedb,github
apenwarr,sshuttle,https://github.com/apenwarr/sshuttle,github
refirmlabs,binwalk,https://github.com/refirmlabs/binwalk,github
nodejs,node-gyp,https://github.com/nodejs/node-gyp,github
coursera-dl,coursera-dl,https://github.com/coursera-dl/coursera-dl,github
smicallef,spiderfoot,https://github.com/smicallef/spiderfoot,github
epistasislab,tpot,https://github.com/epistasislab/tpot,github
pyodide,pyodide,https://github.com/pyodide/pyodide,github
django-cms,django-cms,https://github.com/django-cms/django-cms,github
rougier,scientific-visualization-book,https://github.com/rougier/scientific-visualization-book,github
seatgeek,fuzzywuzzy,https://github.com/seatgeek/fuzzywuzzy,github
eriklindernoren,keras-gan,https://github.com/eriklindernoren/keras-gan,github
nvlabs,stylegan2,https://github.com/nvlabs/stylegan2,github
ytisf,thezoo,https://github.com/ytisf/thezoo,github
rushter,mlalgorithms,https://github.com/rushter/mlalgorithms,github
facebook,chisel,https://github.com/facebook/chisel,github
morvanzhou,tutorials,https://github.com/morvanzhou/tutorials,github
pre-commit,pre-commit,https://github.com/pre-commit/pre-commit,github
borgbackup,borg,https://github.com/borgbackup/borg,github
mouredev,hello-python,https://github.com/mouredev/hello-python,github
aws,serverless-application-model,https://github.com/aws/serverless-application-model,github
keras-team,autokeras,https://github.com/keras-team/autokeras,github
trustedsec,social-engineer-toolkit,https://github.com/trustedsec/social-engineer-toolkit,github
scrapinghub,portia,https://github.com/scrapinghub/portia,github
rq,rq,https://github.com/rq/rq,github
30-seconds,30-seconds-of-python,https://github.com/30-seconds/30-seconds-of-python,github
mailpile,mailpile,https://github.com/mailpile/mailpile,github
lauris,awesome-scala,https://github.com/lauris/awesome-scala,github
mrs0m30n3,youtube-dl-gui,https://github.com/mrs0m30n3/youtube-dl-gui,github
yorko,mlcourse.ai,https://github.com/yorko/mlcourse.ai,github
benoitc,gunicorn,https://github.com/benoitc/gunicorn,github
microsoft,unilm,https://github.com/microsoft/unilm,github
wangshub,douyin-bot,https://github.com/wangshub/douyin-bot,github
dabeaz-course,practical-python,https://github.com/dabeaz-course/practical-python,github
programthink,zhao,https://github.com/programthink/zhao,github
pydanny,cookiecutter-django,https://github.com/pydanny/cookiecutter-django,github
paddlepaddle,paddledetection,https://github.com/paddlepaddle/paddledetection,github
sloria,textblob,https://github.com/sloria/textblob,github
dwyl,english-words,https://github.com/dwyl/english-words,github
facebookresearch,pifuhd,https://github.com/facebookresearch/pifuhd,github
ludwig-ai,ludwig,https://github.com/ludwig-ai/ludwig,github
gamestonkterminal,gamestonkterminal,https://github.com/gamestonkterminal/gamestonkterminal,github
microsoft,pyright,https://github.com/microsoft/pyright,github
httpie,http-prompt,https://github.com/httpie/http-prompt,github
sfyc23,everydaywechat,https://github.com/sfyc23/everydaywechat,github
aristocratos,bpytop,https://github.com/aristocratos/bpytop,github
pypa,pip,https://github.com/pypa/pip,github
apache,tvm,https://github.com/apache/tvm,github
mvt-project,mvt,https://github.com/mvt-project/mvt,github
ocrmypdf,ocrmypdf,https://github.com/ocrmypdf/ocrmypdf,github
alicevision,meshroom,https://github.com/alicevision/meshroom,github
soxoj,maigret,https://github.com/soxoj/maigret,github
vishnubob,wait-for-it,https://github.com/vishnubob/wait-for-it,github
clips,pattern,https://github.com/clips/pattern,github
malwaredllc,byob,https://github.com/malwaredllc/byob,github
arrow-py,arrow,https://github.com/arrow-py/arrow,github
injetlee,python,https://github.com/injetlee/python,github
qutebrowser,qutebrowser,https://github.com/qutebrowser/qutebrowser,github
prompt-toolkit,python-prompt-toolkit,https://github.com/prompt-toolkit/python-prompt-toolkit,github
manisso,fsociety,https://github.com/manisso/fsociety,github
paramiko,paramiko,https://github.com/paramiko/paramiko,github
openai,spinningup,https://github.com/openai/spinningup,github
pittcsc,summer2022-internships,https://github.com/pittcsc/summer2022-internships,github
hardikvasa,google-images-download,https://github.com/hardikvasa/google-images-download,github
kkroening,ffmpeg-python,https://github.com/kkroening/ffmpeg-python,github
cadene,pretrained-models.pytorch,https://github.com/cadene/pretrained-models.pytorch,github
alessandroz,lazagne,https://github.com/alessandroz/lazagne,github
pytube,pytube,https://github.com/pytube/pytube,github
hoochanlon,w3-goto-world,https://github.com/hoochanlon/w3-goto-world,github
secdev,scapy,https://github.com/secdev/scapy,github
xmu-xiaoma666,external-attention-pytorch,https://github.com/xmu-xiaoma666/external-attention-pytorch,github
aboul3la,sublist3r,https://github.com/aboul3la/sublist3r,github
miguelgrinberg,flasky,https://github.com/miguelgrinberg/flasky,github
microsoft,playwright-python,https://github.com/microsoft/playwright-python,github
activitywatch,activitywatch,https://github.com/activitywatch/activitywatch,github
magicstack,uvloop,https://github.com/magicstack/uvloop,github
fail2ban,fail2ban,https://github.com/fail2ban/fail2ban,github
streamlink,streamlink,https://github.com/streamlink/streamlink,github
matrixtm,mhddos,https://github.com/matrixtm/mhddos,github
bottlepy,bottle,https://github.com/bottlepy/bottle,github
yelp,elastalert,https://github.com/yelp/elastalert,github
sylnsfar,qrcode,https://github.com/sylnsfar/qrcode,github
evilsocket,opensnitch,https://github.com/evilsocket/opensnitch,github
danielgatis,rembg,https://github.com/danielgatis/rembg,github
megvii-basedetection,yolox,https://github.com/megvii-basedetection/yolox,github
statsmodels,statsmodels,https://github.com/statsmodels/statsmodels,github
vaexio,vaex,https://github.com/vaexio/vaex,github
pyro-ppl,pyro,https://github.com/pyro-ppl/pyro,github
altair-viz,altair,https://github.com/altair-viz/altair,github
baowenbo,dain,https://github.com/baowenbo/dain,github
pennersr,django-allauth,https://github.com/pennersr/django-allauth,github
modin-project,modin,https://github.com/modin-project/modin,github
docopt,docopt,https://github.com/docopt/docopt,github
openmined,pysyft,https://github.com/openmined/pysyft,github
gradio-app,gradio,https://github.com/gradio-app/gradio,github
asweigart,pyautogui,https://github.com/asweigart/pyautogui,github
numba,numba,https://github.com/numba/numba,github
fauxpilot,fauxpilot,https://github.com/fauxpilot/fauxpilot,github
deepmind,pysc2,https://github.com/deepmind/pysc2,github
olafenwamoses,imageai,https://github.com/olafenwamoses/imageai,github
supervisor,supervisor,https://github.com/supervisor/supervisor,github
boto,boto3,https://github.com/boto/boto3,github
ymcui,chinese-bert-wwm,https://github.com/ymcui/chinese-bert-wwm,github
nvidia,vid2vid,https://github.com/nvidia/vid2vid,github
mopidy,mopidy,https://github.com/mopidy/mopidy,github
ighibli,ios-devicesupport,https://github.com/ighibli/ios-devicesupport,github
the-paperless-project,paperless,https://github.com/the-paperless-project/paperless,github
crazyguitar,pysheeet,https://github.com/crazyguitar/pysheeet,github
graphql-python,graphene,https://github.com/graphql-python/graphene,github
lanpa,tensorboardx,https://github.com/lanpa/tensorboardx,github
doccano,doccano,https://github.com/doccano/doccano,github
nuitka,nuitka,https://github.com/nuitka/nuitka,github
vipstone,faceai,https://github.com/vipstone/faceai,github
n1nj4sec,pupy,https://github.com/n1nj4sec/pupy,github
kedro-org,kedro,https://github.com/kedro-org/kedro,github
yandex,gixy,https://github.com/yandex/gixy,github
laramies,theharvester,https://github.com/laramies/theharvester,github
seemoo-lab,opendrop,https://github.com/seemoo-lab/opendrop,github
jofpin,trape,https://github.com/jofpin/trape,github
lonamiwebs,telethon,https://github.com/lonamiwebs/telethon,github
brightmart,text_classification,https://github.com/brightmart/text_classification,github
encode,starlette,https://github.com/encode/starlette,github
google,trax,https://github.com/google/trax,github
a1studmuffin,spaceshipgenerator,https://github.com/a1studmuffin/spaceshipgenerator,github
kivy,python-for-android,https://github.com/kivy/python-for-android,github
mps-youtube,yewtube,https://github.com/mps-youtube/yewtube,github
cython,cython,https://github.com/cython/cython,github
robotframework,robotframework,https://github.com/robotframework/robotframework,github
donnemartin,gitsome,https://github.com/donnemartin/gitsome,github
mps-youtube,mps-youtube,https://github.com/mps-youtube/mps-youtube,github
lazyprogrammer,machine_learning_examples,https://github.com/lazyprogrammer/machine_learning_examples,github
samshadwell,trumpscript,https://github.com/samshadwell/trumpscript,github
joelgrus,data-science-from-scratch,https://github.com/joelgrus/data-science-from-scratch,github
openai,universe,https://github.com/openai/universe,github
pymysql,pymysql,https://github.com/pymysql/pymysql,github
jazzband,django-debug-toolbar,https://github.com/jazzband/django-debug-toolbar,github
moyix,fauxpilot,https://github.com/moyix/fauxpilot,github
readthedocs,readthedocs.org,https://github.com/readthedocs/readthedocs.org,github
rbgirshick,py-faster-rcnn,https://github.com/rbgirshick/py-faster-rcnn,github
gelstudios,gitfiti,https://github.com/gelstudios/gitfiti,github
lbryio,lbry-sdk,https://github.com/lbryio/lbry-sdk,github
caronc,apprise,https://github.com/caronc/apprise,github
tensorlayer,tensorlayer,https://github.com/tensorlayer/tensorlayer,github
jackzhenguo,python-small-examples,https://github.com/jackzhenguo/python-small-examples,github
biancangming,wtv,https://github.com/biancangming/wtv,github
simonw,datasette,https://github.com/simonw/datasette,github
jacobgil,pytorch-grad-cam,https://github.com/jacobgil/pytorch-grad-cam,github
qqwweee,keras-yolo3,https://github.com/qqwweee/keras-yolo3,github
jupyter,docker-stacks,https://github.com/jupyter/docker-stacks,github
microsoft,deepspeed,https://github.com/microsoft/deepspeed,github
spyder-ide,spyder,https://github.com/spyder-ide/spyder,github
edeng23,binance-trade-bot,https://github.com/edeng23/binance-trade-bot,github
sirver,ultisnips,https://github.com/sirver/ultisnips,github
ajenti,ajenti,https://github.com/ajenti/ajenti,github
yzhao062,anomaly-detection-resources,https://github.com/yzhao062/anomaly-detection-resources,github
nvlabs,spade,https://github.com/nvlabs/spade,github
yutiansut,quantaxis,https://github.com/yutiansut/quantaxis,github
rwv,chinese-dos-games,https://github.com/rwv/chinese-dos-games,github
hellerve,programming-talks,https://github.com/hellerve/programming-talks,github
kornia,kornia,https://github.com/kornia/kornia,github
facebookresearch,pytorch3d,https://github.com/facebookresearch/pytorch3d,github
benbusby,whoogle-search,https://github.com/benbusby/whoogle-search,github
shidenggui,easytrader,https://github.com/shidenggui/easytrader,github
eriklindernoren,pytorch-yolov3,https://github.com/eriklindernoren/pytorch-yolov3,github
dylanaraps,pywal,https://github.com/dylanaraps/pywal,github
octoprint,octoprint,https://github.com/octoprint/octoprint,github
utkuozbulak,pytorch-cnn-visualizations,https://github.com/utkuozbulak/pytorch-cnn-visualizations,github
canonical,microk8s,https://github.com/canonical/microk8s,github
ezfndev,ezfn-lobbybot,https://github.com/ezfndev/ezfn-lobbybot,github
sygil-dev,sygil-webui,https://github.com/sygil-dev/sygil-webui,github
great-expectations,great_expectations,https://github.com/great-expectations/great_expectations,github
pymc-devs,pymc,https://github.com/pymc-devs/pymc,github
tgalal,yowsup,https://github.com/tgalal/yowsup,github
bup,bup,https://github.com/bup/bup,github
luyishisi,anti-anti-spider,https://github.com/luyishisi/anti-anti-spider,github
airtestproject,airtest,https://github.com/airtestproject/airtest,github
porchetta-industries,crackmapexec,https://github.com/porchetta-industries/crackmapexec,github
rossant,awesome-math,https://github.com/rossant/awesome-math,github
larsenwork,monoid,https://github.com/larsenwork/monoid,github
uberi,speech_recognition,https://github.com/uberi/speech_recognition,github
kennethreitz,records,https://github.com/kennethreitz/records,github
willmcgugan,textual,https://github.com/willmcgugan/textual,github
urinx,weixinbot,https://github.com/urinx/weixinbot,github
xingyizhou,centernet,https://github.com/xingyizhou/centernet,github
mvig-sjtu,alphapose,https://github.com/mvig-sjtu/alphapose,github
jupyterhub,jupyterhub,https://github.com/jupyterhub/jupyterhub,github
qubvel,segmentation_models.pytorch,https://github.com/qubvel/segmentation_models.pytorch,github
facebookresearch,hydra,https://github.com/facebookresearch/hydra,github
jack-cherish,pythonpark,https://github.com/jack-cherish/pythonpark,github