file,function,func_body,str_uncaught_exceptions,n_try_except,n_try_pass,n_finally,n_generic_except,n_raise,n_captures_broad_raise,n_captures_try_except_raise,n_captures_misplaced_bare_raise,n_try_else,n_try_return,str_except_identifiers,str_raise_identifiers,str_except_block,n_nested_try,n_bare_except,n_bare_raise_finally,str_code_without_try_except,project,prompt_type,llm_response
/home/r4ph/desenv/exception-miner-multi/projects/py/flask/src/flask/app.py,url_for,"def url_for(
        self,
        /,
        endpoint: str,
        *,
        _anchor: str | None = None,
        _method: str | None = None,
        _scheme: str | None = None,
        _external: bool | None = None,
        **values: t.Any,
    ) -> str:
        """"""Generate a URL to the given endpoint with the given values.

        This is called by :func:`flask.url_for`, and can be called
        directly as well.

        An *endpoint* is the name of a URL rule, usually added with
        :meth:`@app.route() <route>`, and usually the same name as the
        view function. A route defined in a :class:`~flask.Blueprint`
        will prepend the blueprint's name separated by a ``.`` to the
        endpoint.

        In some cases, such as email messages, you want URLs to include
        the scheme and domain, like ``https://example.com/hello``. When
        not in an active request, URLs will be external by default, but
        this requires setting :data:`SERVER_NAME` so Flask knows what
        domain to use. :data:`APPLICATION_ROOT` and
        :data:`PREFERRED_URL_SCHEME` should also be configured as
        needed. This config is only used when not in an active request.

        Functions can be decorated with :meth:`url_defaults` to modify
        keyword arguments before the URL is built.

        If building fails for some reason, such as an unknown endpoint
        or incorrect values, the app's :meth:`handle_url_build_error`
        method is called. If that returns a string, that is returned,
        otherwise a :exc:`~werkzeug.routing.BuildError` is raised.

        :param endpoint: The endpoint name associated with the URL to
            generate. If this starts with a ``.``, the current blueprint
            name (if any) will be used.
        :param _anchor: If given, append this as ``#anchor`` to the URL.
        :param _method: If given, generate the URL associated with this
            method for the endpoint.
        :param _scheme: If given, the URL will have this scheme if it
            is external.
        :param _external: If given, prefer the URL to be internal
            (False) or require it to be external (True). External URLs
            include the scheme and domain. When not in an active
            request, URLs are external by default.
        :param values: Values to use for the variable parts of the URL
            rule. Unknown keys are appended as query string arguments,
            like ``?a=b&c=d``.

        .. versionadded:: 2.2
            Moved from ``flask.url_for``, which calls this method.
        """"""
        req_ctx = _cv_request.get(None)

        if req_ctx is not None:
            url_adapter = req_ctx.url_adapter
            blueprint_name = req_ctx.request.blueprint

            # If the endpoint starts with ""."" and the request matches a
            # blueprint, the endpoint is relative to the blueprint.
            if endpoint[:1] == ""."":
                if blueprint_name is not None:
                    endpoint = f""{blueprint_name}{endpoint}""
                else:
                    endpoint = endpoint[1:]

            # When in a request, generate a URL without scheme and
            # domain by default, unless a scheme is given.
            if _external is None:
                _external = _scheme is not None
        else:
            app_ctx = _cv_app.get(None)

            # If called by helpers.url_for, an app context is active,
            # use its url_adapter. Otherwise, app.url_for was called
            # directly, build an adapter.
            if app_ctx is not None:
                url_adapter = app_ctx.url_adapter
            else:
                url_adapter = self.create_url_adapter(None)

            if url_adapter is None:
                raise RuntimeError(
                    ""Unable to build URLs outside an active request""
                    "" without 'SERVER_NAME' configured. Also configure""
                    "" 'APPLICATION_ROOT' and 'PREFERRED_URL_SCHEME' as""
                    "" needed.""
                )

            # When outside a request, generate a URL with scheme and
            # domain by default.
            if _external is None:
                _external = True

        # It is an error to set _scheme when _external=False, in order
        # to avoid accidental insecure URLs.
        if _scheme is not None and not _external:
            raise ValueError(""When specifying '_scheme', '_external' must be True."")

        self.inject_url_defaults(endpoint, values)

        try:
            rv = url_adapter.build(  # type: ignore[union-attr]
                endpoint,
                values,
                method=_method,
                url_scheme=_scheme,
                force_external=_external,
            )
        except BuildError as error:
            values.update(
                _anchor=_anchor, _method=_method, _scheme=_scheme, _external=_external
            )
            return self.handle_url_build_error(error, endpoint, values)

        if _anchor is not None:
            _anchor = _url_quote(_anchor, safe=""%!#$&'()*+,/:;=?@"")
            rv = f""{rv}#{_anchor}""

        return rv",,1,0,0,0,2,0,0,0,0,0,BuildError,RuntimeError ValueError,"values.update(
                _anchor=_anchor, _method=_method, _scheme=_scheme, _external=_external
            )
            return self.handle_url_build_error(error, endpoint, values)",0,0,0,"def url_for(
        self,
        /,
        endpoint: str,
        *,
        _anchor: str | None = None,
        _method: str | None = None,
        _scheme: str | None = None,
        _external: bool | None = None,
        **values: t.Any,
    ) -> str:
        """"""Generate a URL to the given endpoint with the given values.

        This is called by :func:`flask.url_for`, and can be called
        directly as well.

        An *endpoint* is the name of a URL rule, usually added with
        :meth:`@app.route() <route>`, and usually the same name as the
        view function. A route defined in a :class:`~flask.Blueprint`
        will prepend the blueprint's name separated by a ``.`` to the
        endpoint.

        In some cases, such as email messages, you want URLs to include
        the scheme and domain, like ``https://example.com/hello``. When
        not in an active request, URLs will be external by default, but
        this requires setting :data:`SERVER_NAME` so Flask knows what
        domain to use. :data:`APPLICATION_ROOT` and
        :data:`PREFERRED_URL_SCHEME` should also be configured as
        needed. This config is only used when not in an active request.

        Functions can be decorated with :meth:`url_defaults` to modify
        keyword arguments before the URL is built.

        If building fails for some reason, such as an unknown endpoint
        or incorrect values, the app's :meth:`handle_url_build_error`
        method is called. If that returns a string, that is returned,
        otherwise a :exc:`~werkzeug.routing.BuildError` is raised.

        :param endpoint: The endpoint name associated with the URL to
            generate. If this starts with a ``.``, the current blueprint
            name (if any) will be used.
        :param _anchor: If given, append this as ``#anchor`` to the URL.
        :param _method: If given, generate the URL associated with this
            method for the endpoint.
        :param _scheme: If given, the URL will have this scheme if it
            is external.
        :param _external: If given, prefer the URL to be internal
            (False) or require it to be external (True). External URLs
            include the scheme and domain. When not in an active
            request, URLs are external by default.
        :param values: Values to use for the variable parts of the URL
            rule. Unknown keys are appended as query string arguments,
            like ``?a=b&c=d``.

        .. versionadded:: 2.2
            Moved from ``flask.url_for``, which calls this method.
        """"""
        req_ctx = _cv_request.get(None)

        if req_ctx is not None:
            url_adapter = req_ctx.url_adapter
            blueprint_name = req_ctx.request.blueprint

            # If the endpoint starts with ""."" and the request matches a
            # blueprint, the endpoint is relative to the blueprint.
            if endpoint[:1] == ""."":
                if blueprint_name is not None:
                    endpoint = f""{blueprint_name}{endpoint}""
                else:
                    endpoint = endpoint[1:]

            # When in a request, generate a URL without scheme and
            # domain by default, unless a scheme is given.
            if _external is None:
                _external = _scheme is not None
        else:
            app_ctx = _cv_app.get(None)

            # If called by helpers.url_for, an app context is active,
            # use its url_adapter. Otherwise, app.url_for was called
            # directly, build an adapter.
            if app_ctx is not None:
                url_adapter = app_ctx.url_adapter
            else:
                url_adapter = self.create_url_adapter(None)

            if url_adapter is None:
                raise RuntimeError(
                    ""Unable to build URLs outside an active request""
                    "" without 'SERVER_NAME' configured. Also configure""
                    "" 'APPLICATION_ROOT' and 'PREFERRED_URL_SCHEME' as""
                    "" needed.""
                )

            # When outside a request, generate a URL with scheme and
            # domain by default.
            if _external is None:
                _external = True

        # It is an error to set _scheme when _external=False, in order
        # to avoid accidental insecure URLs.
        if _scheme is not None and not _external:
            raise ValueError(""When specifying '_scheme', '_external' must be True."")

        self.inject_url_defaults(endpoint, values)

        rv = url_adapter.build(  # type: ignore[union-attr]
                endpoint,
                values,
                method=_method,
                url_scheme=_scheme,
                force_external=_external,
            )

        if _anchor is not None:
            _anchor = _url_quote(_anchor, safe=""%!#$&'()*+,/:;=?@"")
            rv = f""{rv}#{_anchor}""

        return rv",flask,style-default,"
Yes, the code needs an exception handling mechanism. The `url_for` method raises a `BuildError` exception when building fails for some reason, such as an unknown endpoint or incorrect values. To handle this error gracefully, the code should include a try-except block to catch the `BuildError` exception and provide an appropriate error message or default value."
/home/r4ph/desenv/exception-miner-multi/projects/py/flask/tests/test_basic.py,test_get_method_on_g,"def test_get_method_on_g(app_ctx):
    assert flask.g.get(""x"") is None
    assert flask.g.get(""x"", 11) == 11
    flask.g.x = 42
    assert flask.g.get(""x"") == 42
    assert flask.g.x == 42",,0,0,0,0,0,0,0,0,0,0,,,,0,0,0,,flask,style-default,"
Yes"
/home/r4ph/desenv/exception-miner-multi/projects/py/flask/src/flask/app.py,url_for,"def url_for(
        self,
        /,
        endpoint: str,
        *,
        _anchor: str | None = None,
        _method: str | None = None,
        _scheme: str | None = None,
        _external: bool | None = None,
        **values: t.Any,
    ) -> str:
        """"""Generate a URL to the given endpoint with the given values.

        This is called by :func:`flask.url_for`, and can be called
        directly as well.

        An *endpoint* is the name of a URL rule, usually added with
        :meth:`@app.route() <route>`, and usually the same name as the
        view function. A route defined in a :class:`~flask.Blueprint`
        will prepend the blueprint's name separated by a ``.`` to the
        endpoint.

        In some cases, such as email messages, you want URLs to include
        the scheme and domain, like ``https://example.com/hello``. When
        not in an active request, URLs will be external by default, but
        this requires setting :data:`SERVER_NAME` so Flask knows what
        domain to use. :data:`APPLICATION_ROOT` and
        :data:`PREFERRED_URL_SCHEME` should also be configured as
        needed. This config is only used when not in an active request.

        Functions can be decorated with :meth:`url_defaults` to modify
        keyword arguments before the URL is built.

        If building fails for some reason, such as an unknown endpoint
        or incorrect values, the app's :meth:`handle_url_build_error`
        method is called. If that returns a string, that is returned,
        otherwise a :exc:`~werkzeug.routing.BuildError` is raised.

        :param endpoint: The endpoint name associated with the URL to
            generate. If this starts with a ``.``, the current blueprint
            name (if any) will be used.
        :param _anchor: If given, append this as ``#anchor`` to the URL.
        :param _method: If given, generate the URL associated with this
            method for the endpoint.
        :param _scheme: If given, the URL will have this scheme if it
            is external.
        :param _external: If given, prefer the URL to be internal
            (False) or require it to be external (True). External URLs
            include the scheme and domain. When not in an active
            request, URLs are external by default.
        :param values: Values to use for the variable parts of the URL
            rule. Unknown keys are appended as query string arguments,
            like ``?a=b&c=d``.

        .. versionadded:: 2.2
            Moved from ``flask.url_for``, which calls this method.
        """"""
        req_ctx = _cv_request.get(None)

        if req_ctx is not None:
            url_adapter = req_ctx.url_adapter
            blueprint_name = req_ctx.request.blueprint

            # If the endpoint starts with ""."" and the request matches a
            # blueprint, the endpoint is relative to the blueprint.
            if endpoint[:1] == ""."":
                if blueprint_name is not None:
                    endpoint = f""{blueprint_name}{endpoint}""
                else:
                    endpoint = endpoint[1:]

            # When in a request, generate a URL without scheme and
            # domain by default, unless a scheme is given.
            if _external is None:
                _external = _scheme is not None
        else:
            app_ctx = _cv_app.get(None)

            # If called by helpers.url_for, an app context is active,
            # use its url_adapter. Otherwise, app.url_for was called
            # directly, build an adapter.
            if app_ctx is not None:
                url_adapter = app_ctx.url_adapter
            else:
                url_adapter = self.create_url_adapter(None)

            if url_adapter is None:
                raise RuntimeError(
                    ""Unable to build URLs outside an active request""
                    "" without 'SERVER_NAME' configured. Also configure""
                    "" 'APPLICATION_ROOT' and 'PREFERRED_URL_SCHEME' as""
                    "" needed.""
                )

            # When outside a request, generate a URL with scheme and
            # domain by default.
            if _external is None:
                _external = True

        # It is an error to set _scheme when _external=False, in order
        # to avoid accidental insecure URLs.
        if _scheme is not None and not _external:
            raise ValueError(""When specifying '_scheme', '_external' must be True."")

        self.inject_url_defaults(endpoint, values)

        try:
            rv = url_adapter.build(  # type: ignore[union-attr]
                endpoint,
                values,
                method=_method,
                url_scheme=_scheme,
                force_external=_external,
            )
        except BuildError as error:
            values.update(
                _anchor=_anchor, _method=_method, _scheme=_scheme, _external=_external
            )
            return self.handle_url_build_error(error, endpoint, values)

        if _anchor is not None:
            _anchor = _url_quote(_anchor, safe=""%!#$&'()*+,/:;=?@"")
            rv = f""{rv}#{_anchor}""

        return rv",,1,0,0,0,2,0,0,0,0,0,BuildError,RuntimeError ValueError,"values.update(
                _anchor=_anchor, _method=_method, _scheme=_scheme, _external=_external
            )
            return self.handle_url_build_error(error, endpoint, values)",0,0,0,"def url_for(
        self,
        /,
        endpoint: str,
        *,
        _anchor: str | None = None,
        _method: str | None = None,
        _scheme: str | None = None,
        _external: bool | None = None,
        **values: t.Any,
    ) -> str:
        """"""Generate a URL to the given endpoint with the given values.

        This is called by :func:`flask.url_for`, and can be called
        directly as well.

        An *endpoint* is the name of a URL rule, usually added with
        :meth:`@app.route() <route>`, and usually the same name as the
        view function. A route defined in a :class:`~flask.Blueprint`
        will prepend the blueprint's name separated by a ``.`` to the
        endpoint.

        In some cases, such as email messages, you want URLs to include
        the scheme and domain, like ``https://example.com/hello``. When
        not in an active request, URLs will be external by default, but
        this requires setting :data:`SERVER_NAME` so Flask knows what
        domain to use. :data:`APPLICATION_ROOT` and
        :data:`PREFERRED_URL_SCHEME` should also be configured as
        needed. This config is only used when not in an active request.

        Functions can be decorated with :meth:`url_defaults` to modify
        keyword arguments before the URL is built.

        If building fails for some reason, such as an unknown endpoint
        or incorrect values, the app's :meth:`handle_url_build_error`
        method is called. If that returns a string, that is returned,
        otherwise a :exc:`~werkzeug.routing.BuildError` is raised.

        :param endpoint: The endpoint name associated with the URL to
            generate. If this starts with a ``.``, the current blueprint
            name (if any) will be used.
        :param _anchor: If given, append this as ``#anchor`` to the URL.
        :param _method: If given, generate the URL associated with this
            method for the endpoint.
        :param _scheme: If given, the URL will have this scheme if it
            is external.
        :param _external: If given, prefer the URL to be internal
            (False) or require it to be external (True). External URLs
            include the scheme and domain. When not in an active
            request, URLs are external by default.
        :param values: Values to use for the variable parts of the URL
            rule. Unknown keys are appended as query string arguments,
            like ``?a=b&c=d``.

        .. versionadded:: 2.2
            Moved from ``flask.url_for``, which calls this method.
        """"""
        req_ctx = _cv_request.get(None)

        if req_ctx is not None:
            url_adapter = req_ctx.url_adapter
            blueprint_name = req_ctx.request.blueprint

            # If the endpoint starts with ""."" and the request matches a
            # blueprint, the endpoint is relative to the blueprint.
            if endpoint[:1] == ""."":
                if blueprint_name is not None:
                    endpoint = f""{blueprint_name}{endpoint}""
                else:
                    endpoint = endpoint[1:]

            # When in a request, generate a URL without scheme and
            # domain by default, unless a scheme is given.
            if _external is None:
                _external = _scheme is not None
        else:
            app_ctx = _cv_app.get(None)

            # If called by helpers.url_for, an app context is active,
            # use its url_adapter. Otherwise, app.url_for was called
            # directly, build an adapter.
            if app_ctx is not None:
                url_adapter = app_ctx.url_adapter
            else:
                url_adapter = self.create_url_adapter(None)

            if url_adapter is None:
                raise RuntimeError(
                    ""Unable to build URLs outside an active request""
                    "" without 'SERVER_NAME' configured. Also configure""
                    "" 'APPLICATION_ROOT' and 'PREFERRED_URL_SCHEME' as""
                    "" needed.""
                )

            # When outside a request, generate a URL with scheme and
            # domain by default.
            if _external is None:
                _external = True

        # It is an error to set _scheme when _external=False, in order
        # to avoid accidental insecure URLs.
        if _scheme is not None and not _external:
            raise ValueError(""When specifying '_scheme', '_external' must be True."")

        self.inject_url_defaults(endpoint, values)

        rv = url_adapter.build(  # type: ignore[union-attr]
                endpoint,
                values,
                method=_method,
                url_scheme=_scheme,
                force_external=_external,
            )

        if _anchor is not None:
            _anchor = _url_quote(_anchor, safe=""%!#$&'()*+,/:;=?@"")
            rv = f""{rv}#{_anchor}""

        return rv",flask,style-1-shot,"
The code needs an exception handling mechanism. The method raises a `RuntimeError` if an app context is not active and no `SERVER_NAME` is configured to build URLs outside a request. It also raises a `ValueError` if `_scheme` is set but `_external` is False. Therefore, the code should include exception handling mechanisms to handle these errors gracefully.

Therefore, the answer is yes."
/home/r4ph/desenv/exception-miner-multi/projects/py/flask/tests/test_basic.py,test_get_method_on_g,"def test_get_method_on_g(app_ctx):
    assert flask.g.get(""x"") is None
    assert flask.g.get(""x"", 11) == 11
    flask.g.x = 42
    assert flask.g.get(""x"") == 42
    assert flask.g.x == 42",,0,0,0,0,0,0,0,0,0,0,,,,0,0,0,,flask,style-1-shot,"
No, this code does not need an exception handling mechanism. The `assert` statements are used to verify that certain conditions are met, and if they are not, a test failure will occur without throwing an exception."
/home/r4ph/desenv/exception-miner-multi/projects/py/flask/src/flask/app.py,url_for,"def url_for(
        self,
        /,
        endpoint: str,
        *,
        _anchor: str | None = None,
        _method: str | None = None,
        _scheme: str | None = None,
        _external: bool | None = None,
        **values: t.Any,
    ) -> str:
        """"""Generate a URL to the given endpoint with the given values.

        This is called by :func:`flask.url_for`, and can be called
        directly as well.

        An *endpoint* is the name of a URL rule, usually added with
        :meth:`@app.route() <route>`, and usually the same name as the
        view function. A route defined in a :class:`~flask.Blueprint`
        will prepend the blueprint's name separated by a ``.`` to the
        endpoint.

        In some cases, such as email messages, you want URLs to include
        the scheme and domain, like ``https://example.com/hello``. When
        not in an active request, URLs will be external by default, but
        this requires setting :data:`SERVER_NAME` so Flask knows what
        domain to use. :data:`APPLICATION_ROOT` and
        :data:`PREFERRED_URL_SCHEME` should also be configured as
        needed. This config is only used when not in an active request.

        Functions can be decorated with :meth:`url_defaults` to modify
        keyword arguments before the URL is built.

        If building fails for some reason, such as an unknown endpoint
        or incorrect values, the app's :meth:`handle_url_build_error`
        method is called. If that returns a string, that is returned,
        otherwise a :exc:`~werkzeug.routing.BuildError` is raised.

        :param endpoint: The endpoint name associated with the URL to
            generate. If this starts with a ``.``, the current blueprint
            name (if any) will be used.
        :param _anchor: If given, append this as ``#anchor`` to the URL.
        :param _method: If given, generate the URL associated with this
            method for the endpoint.
        :param _scheme: If given, the URL will have this scheme if it
            is external.
        :param _external: If given, prefer the URL to be internal
            (False) or require it to be external (True). External URLs
            include the scheme and domain. When not in an active
            request, URLs are external by default.
        :param values: Values to use for the variable parts of the URL
            rule. Unknown keys are appended as query string arguments,
            like ``?a=b&c=d``.

        .. versionadded:: 2.2
            Moved from ``flask.url_for``, which calls this method.
        """"""
        req_ctx = _cv_request.get(None)

        if req_ctx is not None:
            url_adapter = req_ctx.url_adapter
            blueprint_name = req_ctx.request.blueprint

            # If the endpoint starts with ""."" and the request matches a
            # blueprint, the endpoint is relative to the blueprint.
            if endpoint[:1] == ""."":
                if blueprint_name is not None:
                    endpoint = f""{blueprint_name}{endpoint}""
                else:
                    endpoint = endpoint[1:]

            # When in a request, generate a URL without scheme and
            # domain by default, unless a scheme is given.
            if _external is None:
                _external = _scheme is not None
        else:
            app_ctx = _cv_app.get(None)

            # If called by helpers.url_for, an app context is active,
            # use its url_adapter. Otherwise, app.url_for was called
            # directly, build an adapter.
            if app_ctx is not None:
                url_adapter = app_ctx.url_adapter
            else:
                url_adapter = self.create_url_adapter(None)

            if url_adapter is None:
                raise RuntimeError(
                    ""Unable to build URLs outside an active request""
                    "" without 'SERVER_NAME' configured. Also configure""
                    "" 'APPLICATION_ROOT' and 'PREFERRED_URL_SCHEME' as""
                    "" needed.""
                )

            # When outside a request, generate a URL with scheme and
            # domain by default.
            if _external is None:
                _external = True

        # It is an error to set _scheme when _external=False, in order
        # to avoid accidental insecure URLs.
        if _scheme is not None and not _external:
            raise ValueError(""When specifying '_scheme', '_external' must be True."")

        self.inject_url_defaults(endpoint, values)

        try:
            rv = url_adapter.build(  # type: ignore[union-attr]
                endpoint,
                values,
                method=_method,
                url_scheme=_scheme,
                force_external=_external,
            )
        except BuildError as error:
            values.update(
                _anchor=_anchor, _method=_method, _scheme=_scheme, _external=_external
            )
            return self.handle_url_build_error(error, endpoint, values)

        if _anchor is not None:
            _anchor = _url_quote(_anchor, safe=""%!#$&'()*+,/:;=?@"")
            rv = f""{rv}#{_anchor}""

        return rv",,1,0,0,0,2,0,0,0,0,0,BuildError,RuntimeError ValueError,"values.update(
                _anchor=_anchor, _method=_method, _scheme=_scheme, _external=_external
            )
            return self.handle_url_build_error(error, endpoint, values)",0,0,0,"def url_for(
        self,
        /,
        endpoint: str,
        *,
        _anchor: str | None = None,
        _method: str | None = None,
        _scheme: str | None = None,
        _external: bool | None = None,
        **values: t.Any,
    ) -> str:
        """"""Generate a URL to the given endpoint with the given values.

        This is called by :func:`flask.url_for`, and can be called
        directly as well.

        An *endpoint* is the name of a URL rule, usually added with
        :meth:`@app.route() <route>`, and usually the same name as the
        view function. A route defined in a :class:`~flask.Blueprint`
        will prepend the blueprint's name separated by a ``.`` to the
        endpoint.

        In some cases, such as email messages, you want URLs to include
        the scheme and domain, like ``https://example.com/hello``. When
        not in an active request, URLs will be external by default, but
        this requires setting :data:`SERVER_NAME` so Flask knows what
        domain to use. :data:`APPLICATION_ROOT` and
        :data:`PREFERRED_URL_SCHEME` should also be configured as
        needed. This config is only used when not in an active request.

        Functions can be decorated with :meth:`url_defaults` to modify
        keyword arguments before the URL is built.

        If building fails for some reason, such as an unknown endpoint
        or incorrect values, the app's :meth:`handle_url_build_error`
        method is called. If that returns a string, that is returned,
        otherwise a :exc:`~werkzeug.routing.BuildError` is raised.

        :param endpoint: The endpoint name associated with the URL to
            generate. If this starts with a ``.``, the current blueprint
            name (if any) will be used.
        :param _anchor: If given, append this as ``#anchor`` to the URL.
        :param _method: If given, generate the URL associated with this
            method for the endpoint.
        :param _scheme: If given, the URL will have this scheme if it
            is external.
        :param _external: If given, prefer the URL to be internal
            (False) or require it to be external (True). External URLs
            include the scheme and domain. When not in an active
            request, URLs are external by default.
        :param values: Values to use for the variable parts of the URL
            rule. Unknown keys are appended as query string arguments,
            like ``?a=b&c=d``.

        .. versionadded:: 2.2
            Moved from ``flask.url_for``, which calls this method.
        """"""
        req_ctx = _cv_request.get(None)

        if req_ctx is not None:
            url_adapter = req_ctx.url_adapter
            blueprint_name = req_ctx.request.blueprint

            # If the endpoint starts with ""."" and the request matches a
            # blueprint, the endpoint is relative to the blueprint.
            if endpoint[:1] == ""."":
                if blueprint_name is not None:
                    endpoint = f""{blueprint_name}{endpoint}""
                else:
                    endpoint = endpoint[1:]

            # When in a request, generate a URL without scheme and
            # domain by default, unless a scheme is given.
            if _external is None:
                _external = _scheme is not None
        else:
            app_ctx = _cv_app.get(None)

            # If called by helpers.url_for, an app context is active,
            # use its url_adapter. Otherwise, app.url_for was called
            # directly, build an adapter.
            if app_ctx is not None:
                url_adapter = app_ctx.url_adapter
            else:
                url_adapter = self.create_url_adapter(None)

            if url_adapter is None:
                raise RuntimeError(
                    ""Unable to build URLs outside an active request""
                    "" without 'SERVER_NAME' configured. Also configure""
                    "" 'APPLICATION_ROOT' and 'PREFERRED_URL_SCHEME' as""
                    "" needed.""
                )

            # When outside a request, generate a URL with scheme and
            # domain by default.
            if _external is None:
                _external = True

        # It is an error to set _scheme when _external=False, in order
        # to avoid accidental insecure URLs.
        if _scheme is not None and not _external:
            raise ValueError(""When specifying '_scheme', '_external' must be True."")

        self.inject_url_defaults(endpoint, values)

        rv = url_adapter.build(  # type: ignore[union-attr]
                endpoint,
                values,
                method=_method,
                url_scheme=_scheme,
                force_external=_external,
            )

        if _anchor is not None:
            _anchor = _url_quote(_anchor, safe=""%!#$&'()*+,/:;=?@"")
            rv = f""{rv}#{_anchor}""

        return rv",flask,style-few-shot,"
No"
/home/r4ph/desenv/exception-miner-multi/projects/py/flask/tests/test_basic.py,test_get_method_on_g,"def test_get_method_on_g(app_ctx):
    assert flask.g.get(""x"") is None
    assert flask.g.get(""x"", 11) == 11
    flask.g.x = 42
    assert flask.g.get(""x"") == 42
    assert flask.g.x == 42",,0,0,0,0,0,0,0,0,0,0,,,,0,0,0,,flask,style-few-shot,"
Yes"
/home/r4ph/desenv/exception-miner-multi/projects/py/flask/src/flask/app.py,url_for,"def url_for(
        self,
        /,
        endpoint: str,
        *,
        _anchor: str | None = None,
        _method: str | None = None,
        _scheme: str | None = None,
        _external: bool | None = None,
        **values: t.Any,
    ) -> str:
        """"""Generate a URL to the given endpoint with the given values.

        This is called by :func:`flask.url_for`, and can be called
        directly as well.

        An *endpoint* is the name of a URL rule, usually added with
        :meth:`@app.route() <route>`, and usually the same name as the
        view function. A route defined in a :class:`~flask.Blueprint`
        will prepend the blueprint's name separated by a ``.`` to the
        endpoint.

        In some cases, such as email messages, you want URLs to include
        the scheme and domain, like ``https://example.com/hello``. When
        not in an active request, URLs will be external by default, but
        this requires setting :data:`SERVER_NAME` so Flask knows what
        domain to use. :data:`APPLICATION_ROOT` and
        :data:`PREFERRED_URL_SCHEME` should also be configured as
        needed. This config is only used when not in an active request.

        Functions can be decorated with :meth:`url_defaults` to modify
        keyword arguments before the URL is built.

        If building fails for some reason, such as an unknown endpoint
        or incorrect values, the app's :meth:`handle_url_build_error`
        method is called. If that returns a string, that is returned,
        otherwise a :exc:`~werkzeug.routing.BuildError` is raised.

        :param endpoint: The endpoint name associated with the URL to
            generate. If this starts with a ``.``, the current blueprint
            name (if any) will be used.
        :param _anchor: If given, append this as ``#anchor`` to the URL.
        :param _method: If given, generate the URL associated with this
            method for the endpoint.
        :param _scheme: If given, the URL will have this scheme if it
            is external.
        :param _external: If given, prefer the URL to be internal
            (False) or require it to be external (True). External URLs
            include the scheme and domain. When not in an active
            request, URLs are external by default.
        :param values: Values to use for the variable parts of the URL
            rule. Unknown keys are appended as query string arguments,
            like ``?a=b&c=d``.

        .. versionadded:: 2.2
            Moved from ``flask.url_for``, which calls this method.
        """"""
        req_ctx = _cv_request.get(None)

        if req_ctx is not None:
            url_adapter = req_ctx.url_adapter
            blueprint_name = req_ctx.request.blueprint

            # If the endpoint starts with ""."" and the request matches a
            # blueprint, the endpoint is relative to the blueprint.
            if endpoint[:1] == ""."":
                if blueprint_name is not None:
                    endpoint = f""{blueprint_name}{endpoint}""
                else:
                    endpoint = endpoint[1:]

            # When in a request, generate a URL without scheme and
            # domain by default, unless a scheme is given.
            if _external is None:
                _external = _scheme is not None
        else:
            app_ctx = _cv_app.get(None)

            # If called by helpers.url_for, an app context is active,
            # use its url_adapter. Otherwise, app.url_for was called
            # directly, build an adapter.
            if app_ctx is not None:
                url_adapter = app_ctx.url_adapter
            else:
                url_adapter = self.create_url_adapter(None)

            if url_adapter is None:
                raise RuntimeError(
                    ""Unable to build URLs outside an active request""
                    "" without 'SERVER_NAME' configured. Also configure""
                    "" 'APPLICATION_ROOT' and 'PREFERRED_URL_SCHEME' as""
                    "" needed.""
                )

            # When outside a request, generate a URL with scheme and
            # domain by default.
            if _external is None:
                _external = True

        # It is an error to set _scheme when _external=False, in order
        # to avoid accidental insecure URLs.
        if _scheme is not None and not _external:
            raise ValueError(""When specifying '_scheme', '_external' must be True."")

        self.inject_url_defaults(endpoint, values)

        try:
            rv = url_adapter.build(  # type: ignore[union-attr]
                endpoint,
                values,
                method=_method,
                url_scheme=_scheme,
                force_external=_external,
            )
        except BuildError as error:
            values.update(
                _anchor=_anchor, _method=_method, _scheme=_scheme, _external=_external
            )
            return self.handle_url_build_error(error, endpoint, values)

        if _anchor is not None:
            _anchor = _url_quote(_anchor, safe=""%!#$&'()*+,/:;=?@"")
            rv = f""{rv}#{_anchor}""

        return rv",,1,0,0,0,2,0,0,0,0,0,BuildError,RuntimeError ValueError,"values.update(
                _anchor=_anchor, _method=_method, _scheme=_scheme, _external=_external
            )
            return self.handle_url_build_error(error, endpoint, values)",0,0,0,"def url_for(
        self,
        /,
        endpoint: str,
        *,
        _anchor: str | None = None,
        _method: str | None = None,
        _scheme: str | None = None,
        _external: bool | None = None,
        **values: t.Any,
    ) -> str:
        """"""Generate a URL to the given endpoint with the given values.

        This is called by :func:`flask.url_for`, and can be called
        directly as well.

        An *endpoint* is the name of a URL rule, usually added with
        :meth:`@app.route() <route>`, and usually the same name as the
        view function. A route defined in a :class:`~flask.Blueprint`
        will prepend the blueprint's name separated by a ``.`` to the
        endpoint.

        In some cases, such as email messages, you want URLs to include
        the scheme and domain, like ``https://example.com/hello``. When
        not in an active request, URLs will be external by default, but
        this requires setting :data:`SERVER_NAME` so Flask knows what
        domain to use. :data:`APPLICATION_ROOT` and
        :data:`PREFERRED_URL_SCHEME` should also be configured as
        needed. This config is only used when not in an active request.

        Functions can be decorated with :meth:`url_defaults` to modify
        keyword arguments before the URL is built.

        If building fails for some reason, such as an unknown endpoint
        or incorrect values, the app's :meth:`handle_url_build_error`
        method is called. If that returns a string, that is returned,
        otherwise a :exc:`~werkzeug.routing.BuildError` is raised.

        :param endpoint: The endpoint name associated with the URL to
            generate. If this starts with a ``.``, the current blueprint
            name (if any) will be used.
        :param _anchor: If given, append this as ``#anchor`` to the URL.
        :param _method: If given, generate the URL associated with this
            method for the endpoint.
        :param _scheme: If given, the URL will have this scheme if it
            is external.
        :param _external: If given, prefer the URL to be internal
            (False) or require it to be external (True). External URLs
            include the scheme and domain. When not in an active
            request, URLs are external by default.
        :param values: Values to use for the variable parts of the URL
            rule. Unknown keys are appended as query string arguments,
            like ``?a=b&c=d``.

        .. versionadded:: 2.2
            Moved from ``flask.url_for``, which calls this method.
        """"""
        req_ctx = _cv_request.get(None)

        if req_ctx is not None:
            url_adapter = req_ctx.url_adapter
            blueprint_name = req_ctx.request.blueprint

            # If the endpoint starts with ""."" and the request matches a
            # blueprint, the endpoint is relative to the blueprint.
            if endpoint[:1] == ""."":
                if blueprint_name is not None:
                    endpoint = f""{blueprint_name}{endpoint}""
                else:
                    endpoint = endpoint[1:]

            # When in a request, generate a URL without scheme and
            # domain by default, unless a scheme is given.
            if _external is None:
                _external = _scheme is not None
        else:
            app_ctx = _cv_app.get(None)

            # If called by helpers.url_for, an app context is active,
            # use its url_adapter. Otherwise, app.url_for was called
            # directly, build an adapter.
            if app_ctx is not None:
                url_adapter = app_ctx.url_adapter
            else:
                url_adapter = self.create_url_adapter(None)

            if url_adapter is None:
                raise RuntimeError(
                    ""Unable to build URLs outside an active request""
                    "" without 'SERVER_NAME' configured. Also configure""
                    "" 'APPLICATION_ROOT' and 'PREFERRED_URL_SCHEME' as""
                    "" needed.""
                )

            # When outside a request, generate a URL with scheme and
            # domain by default.
            if _external is None:
                _external = True

        # It is an error to set _scheme when _external=False, in order
        # to avoid accidental insecure URLs.
        if _scheme is not None and not _external:
            raise ValueError(""When specifying '_scheme', '_external' must be True."")

        self.inject_url_defaults(endpoint, values)

        rv = url_adapter.build(  # type: ignore[union-attr]
                endpoint,
                values,
                method=_method,
                url_scheme=_scheme,
                force_external=_external,
            )

        if _anchor is not None:
            _anchor = _url_quote(_anchor, safe=""%!#$&'()*+,/:;=?@"")
            rv = f""{rv}#{_anchor}""

        return rv",flask,style-cot,"Yes, there are operations in this code snippet that could raise exceptions, such as division and type conversion. However, these operations are currently not protected by try-except blocks, so an exception handling mechanism may be needed to ensure that errors are handled gracefully."
/home/r4ph/desenv/exception-miner-multi/projects/py/flask/tests/test_basic.py,test_get_method_on_g,"def test_get_method_on_g(app_ctx):
    assert flask.g.get(""x"") is None
    assert flask.g.get(""x"", 11) == 11
    flask.g.x = 42
    assert flask.g.get(""x"") == 42
    assert flask.g.x == 42",,0,0,0,0,0,0,0,0,0,0,,,,0,0,0,,flask,style-cot,"
The code snippet provided does not contain any operations that might raise exceptions directly. However, there are a few potential issues that could cause problems:

* `flask.g.get()` could potentially return an exception if the key ""x"" is not found in the `g` dictionary. This would result in a `KeyError`.
* Assigning a value to `flask.g.x` could raise an exception if the value is not valid for the type of object being assigned (e.g., if the value is not numeric and cannot be converted to the expected type).

In this case, it would be advisable to include try-except blocks around the code that could potentially raise exceptions in order to handle any errors that may occur. For example:
```
def test_get_method_on_g(app_ctx):
    try:
        assert flask.g.get(""x"") is None
        assert flask.g.get(""x"", 11) == 11
        flask.g.x = 42
        assert flask.g.get(""x"") == 42
        assert flask.g.x == 42
    except KeyError:
        # Handle the KeyError exception here
        pass
    except TypeError:
        # Handle the TypeError exception here
        pass
```
By including try-except blocks, you can handle any exceptions that may occur and ensure that your code is robust and reliable."
